{"cameraMode":{"drawMode":0,"name":"Shaded","section":"Shading Mode"},"sceneLighting":true,"audioPlay":false,"sceneViewState":{"showFog":true,"showMaterialUpdate":false,"showSkybox":true,"showFlares":true,"showImageEffects":true,"showParticleSystems":true},"in2DMode":false,"pivot":{"x":459.81158447265627,"y":946.1369018554688,"z":-21.1868896484375},"rotation":{"x":-0.012309040874242783,"y":0.005096524953842163,"z":-0.00006276905332924798,"w":-0.9999116063117981},"size":1036.255126953125,"orthographic":false}